USERID,FIRSTNAME,MIDDLENAME,FIRSTLASTNAME,SECONDLASTNAME,EMAILADDRESS,BIRTHDATE ,MAXFRIENDS,REGISTRATIONDATE
,Hadassah,Lacota,Mosley,Meadows,at.sem.molestie@euismodac.org,2020-10-14 13:45:04,,
,Sasha,Genevieve,Nguyen,Gamble,pede.nec@sitametorci.edu,2021-08-04 20:41:41,,
,Arden,Phyllis,Whitehead,Kirby,vel.arcu.eu@sed.org,2021-03-31 08:01:27,,
,Rana,Germane,Alexander,Brady,dui@sitamet.com,2020-10-05 20:13:48,,
,Meghan,Colton,Cleveland,Jensen,libero.lacus.varius@nisi.ca,2020-07-18 00:02:11,,
,Irene,Abra,Becker,Lester,eu.odio@dui.edu,2020-04-24 21:34:15,,
,Lucius,Dalton,Solis,Abbott,Sed.dictum.Proin@magnisdis.org,2021-08-31 04:54:12,,
,Elliott,Aaron,Lane,Baxter,lectus.pede.ultrices@lectuspede.co.uk,2020-12-13 09:26:38,,
,Lyle,Burke,Salas,Hayes,pede@interdumSedauctor.edu,2021-01-27 04:12:53,,
,Gage,Elmo,Mcclain,Chaney,iaculis.quis.pede@ante.net,2021-06-12 16:15:44,,
,Colleen,Abel,Robertson,Ayers,scelerisque.lorem.ipsum@atvelit.edu,2021-10-24 01:17:50,,
,Zorita,Melissa,Drake,Lopez,convallis.dolor.Quisque@vitaeerat.edu,2020-10-08 04:22:38,,
,Sacha,Boris,Morrow,Perez,at.augue.id@penatibuset.com,2020-03-24 02:05:41,,
,Jamalia,Rana,Porter,Stanley,luctus@Aeneanegestashendrerit.net,2020-06-02 22:53:43,,
,Kato,Macon,Duke,Andrews,ullamcorper@cursuset.co.uk,2020-07-03 20:51:14,,
,Ava,Hillary,Roy,Lambert,accumsan@Vivamusnonlorem.org,2020-08-29 13:46:03,,
,Lani,Gareth,Slater,Alexander,Phasellus.ornare@vitae.ca,2021-01-08 10:15:22,,
,Lunea,Anne,Dean,Gallagher,Donec@vestibulumMauris.co.uk,2021-10-01 18:29:02,,
,Chava,Richard,Whitehead,Mclaughlin,enim@placerat.co.uk,2020-02-28 07:48:31,,
,Bert,Vielka,Roy,Solomon,lorem@lobortis.co.uk,2020-07-26 23:35:48,,
,George,Raja,Roy,Valentine,vitae@Integer.ca,2021-08-29 15:07:08,,
,Mercedes,Kermit,Roy,Lamb,Nunc@nonbibendumsed.ca,2021-01-16 21:54:04,,
,Kane,Nero,Roy,Lester,In.faucibus.Morbi@ametconsectetueradipiscing.net,2020-10-18 02:20:25,,
,Vera,John,Roy,Branch,amet.diam@Etiambibendumfermentum.com,2020-04-19 10:34:32,,
,Claire,Perry,Roy,Lowery,cubilia.Curae@arcu.edu,2020-10-29 18:17:59,,
,Sybill,Tara,Roy,Beck,Proin@malesuadaaugue.ca,2021-06-12 21:55:53,,
,Logan,Larissa,Roy,May,pretium.neque@pharetra.co.uk,2021-06-11 22:50:30,,
,Ferris,Rhiannon,Roy,Boyer,amet.diam@Donecest.edu,2020-09-23 09:11:08,,
,Lee,Jarrod,Kent,Nelson,semper.pretium@velquamdignissim.co.uk,2020-06-28 20:00:30,,
,Kylynn,Mona,Sellers,Moran,Class.aptent.taciti@odio.co.uk,2021-10-01 07:53:26,,
,Noah,Sandra,Ortiz,Moses,hymenaeos.Mauris@mollislectuspede.com,2020-11-19 12:07:22,,
,Neve,Deborah,Becker,Blanchard,velit@molestiedapibus.net,2020-06-25 01:29:54,,
,Vaughan,Hedwig,Becker,Dean,magnis.dis@dolor.edu,2020-03-28 01:29:58,,
,Tarik,Mannix,Becker,Watkins,purus.Duis@Craseutellus.co.uk,2020-09-17 04:17:11,,
,Damian,Hermione,Becker,Price,neque.vitae@laciniamattisInteger.co.uk,2020-04-12 15:29:36,,
,Angelica,Mercedes,Becker,Johnson,dis@ametdiam.com,2021-01-21 16:39:42,,
,Fulton,Keelie,Clayton,Crane,sem.magna.nec@odioauctorvitae.com,2021-03-14 23:56:25,,
,Mohammad,David,Norris,Mckenzie,dignissim@scelerisque.com,2020-05-02 18:37:37,,
,Madeline,Walter,Banks,Rocha,fermentum@blanditNam.edu,2021-01-05 07:12:32,,
,Shea,Isaiah,Ware,Blankenship,tellus@musProin.ca,2021-04-08 11:53:23,,
,Henry,Valentine,Bush,Madden,consectetuer.cursus.et@semutdolor.org,2021-09-20 04:41:29,,
,Jermaine,Ursa,Weber,Trevino,accumsan@luctusvulputate.com,2021-01-08 00:15:20,,
,Jin,Dante,Hale,Odonnell,eu@Vivamus.com,2021-08-15 06:48:28,,
,Hector,Vera,Quinn,Brooks,Nunc.laoreet@semmollis.edu,2021-01-21 10:11:43,,
,Colby,Norman,Odom,Lane,tellus@tinciduntpedeac.net,2021-01-31 17:51:58,,
,Lillian,Breanna,Ortiz,Meadows,Proin@nuncnulla.net,2021-10-21 23:06:03,,
,Shelley,Indira,Hancock,Butler,eu.odio.Phasellus@montes.edu,2021-09-11 22:50:58,,
,Sopoline,Claire,Baldwin,Ochoa,enim@duiCras.co.uk,2020-02-04 09:57:24,,
,Norman,Lucian,Wolfe,Gomez,molestie.tellus.Aenean@aliquet.ca,2021-10-17 05:40:57,,
,Irene,Dai,Buckley,Garrett,velit.eu.sem@atnisi.net,2020-08-20 07:09:15,,
,Ryder,Faith,Love,Hancock,mi.lacinia.mattis@cursus.edu,2020-02-10 11:58:17,,
,Gavin,Adrian,Ortiz,Hobbs,primis.in.faucibus@dapibusquam.edu,2020-09-24 06:30:08,,
,Cassandra,Debra,Ortiz,Skinner,Proin@at.co.uk,2020-12-10 02:14:02,,
,Jeremy,Rana,Ortiz,Haynes,dui@ac.co.uk,2021-08-12 09:30:58,,
,Lev,Jamal,Ortiz,Sykes,ultrices.mauris.ipsum@justonec.ca,2020-01-06 00:44:00,,
,Xerxes,George,Mills,Day,sit@Quisqueac.net,2019-11-26 22:52:10,,
,Griffin,Evan,Morrison,Yates,magna@arcu.net,2020-07-02 05:46:03,,
,Charissa,Charles,Robertson,Guy,tristique.senectus@facilisiseget.co.uk,2020-11-12 18:31:26,,
,Donovan,Olivia,Brennan,Oconnor,torquent.per.conubia@litora.ca,2021-07-06 07:48:47,,
,Dieter,Bruno,Owen,Burt,in.dolor@facilisisloremtristique.net,2020-10-12 02:23:02,,
,Roth,Brian,Collins,Sharp,Vivamus.nisi@Morbisitamet.co.uk,2021-08-29 15:21:58,,
,Priscilla,Brielle,Foley,Sherman,Aenean.eget.metus@a.com,2019-11-10 05:57:46,,
,Jordan,Berk,Potts,Curtis,neque@vitaediam.org,2021-01-10 01:13:27,,
,Piper,Abigail,Mcintyre,Cox,cubilia.Curae.Donec@laoreetlibero.ca,2021-02-21 06:12:48,,
,Jelani,Levi,Rosa,Howe,Curabitur.vel.lectus@pellentesqueafacilisis.net,2019-12-15 06:20:00,,
,Hillary,Omar,Herrera,Monroe,tincidunt.nibh@euismodenimEtiam.org,2021-04-05 14:52:55,,
,Griffin,Ifeoma,Gonzales,Patrick,lacus.pede.sagittis@commodo.ca,2021-05-30 11:21:04,,
,Gary,Nathaniel,Stokes,Gilbert,adipiscing@idnuncinterdum.ca,2020-06-09 23:28:47,,
,Beatrice,Gage,Guy,Mullen,vehicula@egetipsum.co.uk,2020-09-04 10:03:07,,
,Flavia,Coby,Craig,Ross,porttitor@scelerisque.edu,2020-10-19 20:23:00,,
,Yuri,Kato,Osborn,Carroll,non@sapiencursus.co.uk,2020-02-13 11:40:56,,
,Yuli,Judah,Callahan,West,elementum.sem.vitae@dolorquam.co.uk,2020-03-10 16:46:59,,
,Dexter,Farrah,Martin,Becker,Vestibulum.ante.ipsum@elitdictumeu.edu,2021-10-23 07:30:24,,
,Seth,Denton,Craft,Adkins,nec.ante.blandit@eratsemperrutrum.org,2021-09-20 03:38:19,,
,Ross,Jermaine,Leblanc,Beach,quam@vulputateposuerevulputate.edu,2019-11-27 22:14:42,,
,Salvador,Ezra,Norton,Taylor,non.ante.bibendum@anunc.net,2021-10-06 07:50:52,,
,Lila,Adria,Mckenzie,Mueller,nibh.Aliquam.ornare@lectusconvallis.com,2020-03-22 13:32:08,,
,Geoffrey,Channing,Donovan,Anderson,Vivamus.nisi@idmagnaet.ca,2020-12-25 02:00:35,,
,Boris,Quentin,Byrd,Barr,id.risus@ornare.ca,2021-03-26 17:14:50,,
,Leigh,Mohammad,Black,Vasquez,sem@at.org,2021-02-09 06:33:09,,
,Whilemina,Teegan,Page,Carney,consectetuer.rhoncus@sitamet.com,2020-04-27 14:06:53,,
,April,Leo,Yang,Pruitt,urna.justo.faucibus@anteMaecenas.ca,2020-09-24 00:23:34,,
,Holmes,Mariam,Cole,Olson,Sed@nisiAeneaneget.co.uk,2019-11-12 16:46:05,,
,Aspen,Ulysses,Branch,Roberts,commodo.tincidunt@magnaetipsum.net,2019-10-30 06:09:37,,
,Xavier,Kessie,Dorsey,Dunn,lobortis.augue.scelerisque@idnuncinterdum.edu,2020-02-04 15:40:50,,
,Brianna,Dorothy,Levine,Johnson,scelerisque.neque.sed@imperdiet.org,2020-10-21 09:33:02,,
,Jackson,Jamalia,Rivers,Snider,Fusce@molestietellusAenean.org,2019-11-14 08:48:27,,
,Melinda,Britanni,Blankenship,Mann,et@nonfeugiatnec.co.uk,2021-08-27 23:21:19,,
,Zelda,Shelley,Benton,Knapp,nonummy@Duiselementum.net,2020-12-22 22:56:29,,
,Macaulay,Mikayla,Ortiz,Bryant,metus.In@massaInteger.co.uk,2019-12-21 11:32:32,,
,Fatima,Fritz,Ortiz,Rivera,imperdiet@esttempor.edu,2021-06-17 15:58:00,,
,Mollie,Malcolm,Ortiz,Young,eleifend.nunc.risus@ornare.org,2019-12-13 15:48:06,,
,Boris,Sheila,Wheeler,Holt,nec@et.ca,2021-07-28 06:57:36,,
,Maggy,Brent,Harrison,Mcknight,purus.mauris@ametnullaDonec.com,2019-11-07 08:37:39,,
,Christopher,Mona,Herman,Perry,porttitor@ultriciesadipiscingenim.com,2020-01-05 08:36:30,,
,Reese,Victoria,Stout,Wallace,porttitor@necorci.ca,2019-10-29 16:48:46,,
,Gray,Lev,Pratt,West,natoque.penatibus.et@etnetus.co.uk,2021-02-25 13:03:25,,
,Dylan,Steven,Nieves,Miles,eros.Proin@orci.co.uk,2020-09-24 09:23:01,,
,Rebecca,Lysandra,Estes,Wiley,blandit.Nam.nulla@enimconsequat.edu,2021-10-23 23:39:18,,
,Mira,Ainsley,Bolton,Kaufman,porttitor.tellus.non@pede.org,2021-10-07 18:46:55,,
